<?xml version="1.0" encoding="UTF-8"?>
<!DOCTYPE score-partwise PUBLIC "-//Recordare//DTD MusicXML 3.1 Partwise//EN" "http://www.musicxml.org/dtds/partwise.dtd">
<score-partwise version="3.1">
  <identification>
    <rights>版权 © </rights>
    <encoding>
      <software>MuseScore 3.6.2</software>
      <encoding-date>2023-03-19</encoding-date>
      <supports element="accidental" type="yes"/>
      <supports element="beam" type="yes"/>
      <supports element="print" attribute="new-page" type="yes" value="yes"/>
      <supports element="print" attribute="new-system" type="yes" value="yes"/>
      <supports element="stem" type="yes"/>
      </encoding>
    </identification>
  <defaults>
    <scaling>
      <millimeters>7</millimeters>
      <tenths>40</tenths>
      </scaling>
    <page-layout>
      <page-height>1697</page-height>
      <page-width>1200</page-width>
      <page-margins type="both">
        <left-margin>72</left-margin>
        <right-margin>72</right-margin>
        <top-margin>72</top-margin>
        <bottom-margin>72</bottom-margin>
        </page-margins>
      </page-layout>
    <word-font font-family="Edwin" font-size="10"/>
    <lyric-font font-family="Edwin" font-size="11.4715"/>
    </defaults>
  <credit page="1">
    <credit-type>rights</credit-type>
    <credit-words default-x="600" default-y="72" justify="center" valign="bottom" font-size="9">版权 © </credit-words>
    </credit>
  <part-list>
    <score-part id="P1">
      <part-name>P1</part-name>
      <score-instrument id="P1-I1">
        <instrument-name>Piano (2)</instrument-name>
        </score-instrument>
      <midi-device id="P1-I1" port="1"></midi-device>
      <midi-instrument id="P1-I1">
        <midi-channel>1</midi-channel>
        <midi-program>1</midi-program>
        <volume>78.7402</volume>
        <pan>0</pan>
        </midi-instrument>
      </score-part>
    </part-list>
  <part id="P1">
    <measure number="1" width="294.55">
      <print>
        <system-layout>
          <system-margins>
            <left-margin>63.90</left-margin>
            <right-margin>0.00</right-margin>
            </system-margins>
          <top-system-distance>70.00</top-system-distance>
          </system-layout>
        <staff-layout number="2">
          <staff-distance>65.00</staff-distance>
          </staff-layout>
        </print>
      <attributes>
        <divisions>6</divisions>
        <key>
          <fifths>0</fifths>
          </key>
        <time>
          <beats>3</beats>
          <beat-type>4</beat-type>
          </time>
        <staves>2</staves>
        <clef number="1">
          <sign>G</sign>
          <line>2</line>
          </clef>
        <clef number="2">
          <sign>F</sign>
          <line>4</line>
          </clef>
        </attributes>
      <note default-x="83.49" default-y="-15.00">
        <pitch>
          <step>C</step>
          <octave>5</octave>
          </pitch>
        <duration>9</duration>
        <voice>1</voice>
        <type>quarter</type>
        <dot/>
        <stem>down</stem>
        <staff>1</staff>
        </note>
      <note default-x="165.95" default-y="-20.00">
        <pitch>
          <step>B</step>
          <octave>4</octave>
          </pitch>
        <duration>3</duration>
        <voice>1</voice>
        <type>eighth</type>
        <stem>down</stem>
        <staff>1</staff>
        </note>
      <note default-x="208.22" default-y="-25.00">
        <pitch>
          <step>A</step>
          <octave>4</octave>
          </pitch>
        <duration>3</duration>
        <voice>1</voice>
        <type>eighth</type>
        <stem>down</stem>
        <staff>1</staff>
        <beam number="1">begin</beam>
        </note>
      <note default-x="250.48" default-y="-15.00">
        <pitch>
          <step>C</step>
          <octave>5</octave>
          </pitch>
        <duration>3</duration>
        <voice>1</voice>
        <type>eighth</type>
        <stem>down</stem>
        <staff>1</staff>
        <beam number="1">end</beam>
        </note>
      <backup>
        <duration>18</duration>
        </backup>
      <note>
        <rest measure="yes"/>
        <duration>18</duration>
        <voice>5</voice>
        <staff>2</staff>
        </note>
      </measure>
    <measure number="2" width="236.74">
      <note default-x="13.00" default-y="-20.00">
        <pitch>
          <step>B</step>
          <octave>4</octave>
          </pitch>
        <duration>9</duration>
        <voice>1</voice>
        <type>quarter</type>
        <dot/>
        <stem>down</stem>
        <staff>1</staff>
        </note>
      <note default-x="108.14" default-y="-30.00">
        <pitch>
          <step>G</step>
          <alter>1</alter>
          <octave>4</octave>
          </pitch>
        <duration>3</duration>
        <voice>1</voice>
        <type>eighth</type>
        <accidental>sharp</accidental>
        <stem>up</stem>
        <staff>1</staff>
        </note>
      <note default-x="156.91" default-y="-40.00">
        <pitch>
          <step>E</step>
          <octave>4</octave>
          </pitch>
        <duration>6</duration>
        <voice>1</voice>
        <type>quarter</type>
        <stem>up</stem>
        <staff>1</staff>
        </note>
      <backup>
        <duration>18</duration>
        </backup>
      <note>
        <rest measure="yes"/>
        <duration>18</duration>
        <voice>5</voice>
        <staff>2</staff>
        </note>
      </measure>
    <measure number="3" width="288.49">
      <note default-x="16.50" default-y="-60.00">
        <pitch>
          <step>A</step>
          <octave>3</octave>
          </pitch>
        <duration>3</duration>
        <voice>1</voice>
        <type>eighth</type>
        <stem>up</stem>
        <staff>1</staff>
        </note>
      <note default-x="64.75" default-y="-55.00">
        <pitch>
          <step>B</step>
          <octave>3</octave>
          </pitch>
        <duration>6</duration>
        <voice>1</voice>
        <type>quarter</type>
        <stem>up</stem>
        <staff>1</staff>
        </note>
      <note default-x="141.94" default-y="-50.00">
        <pitch>
          <step>C</step>
          <octave>4</octave>
          </pitch>
        <duration>3</duration>
        <voice>1</voice>
        <type>eighth</type>
        <stem>up</stem>
        <staff>1</staff>
        </note>
      <note default-x="190.19" default-y="-45.00">
        <pitch>
          <step>D</step>
          <octave>4</octave>
          </pitch>
        <duration>3</duration>
        <voice>1</voice>
        <type>eighth</type>
        <stem>up</stem>
        <staff>1</staff>
        <beam number="1">begin</beam>
        </note>
      <note default-x="238.44" default-y="-45.00">
        <pitch>
          <step>D</step>
          <alter>1</alter>
          <octave>4</octave>
          </pitch>
        <duration>3</duration>
        <voice>1</voice>
        <type>eighth</type>
        <accidental>sharp</accidental>
        <stem>up</stem>
        <staff>1</staff>
        <beam number="1">end</beam>
        </note>
      <backup>
        <duration>18</duration>
        </backup>
      <note>
        <rest measure="yes"/>
        <duration>18</duration>
        <voice>5</voice>
        <staff>2</staff>
        </note>
      </measure>
    <measure number="4" width="172.32">
      <note default-x="13.00" default-y="-40.00">
        <pitch>
          <step>E</step>
          <octave>4</octave>
          </pitch>
        <duration>18</duration>
        <voice>1</voice>
        <type>half</type>
        <dot/>
        <stem>up</stem>
        <staff>1</staff>
        </note>
      <backup>
        <duration>18</duration>
        </backup>
      <note>
        <rest measure="yes"/>
        <duration>18</duration>
        <voice>5</voice>
        <staff>2</staff>
        </note>
      </measure>
    <measure number="5" width="314.72">
      <print new-system="yes">
        <system-layout>
          <system-margins>
            <left-margin>13.90</left-margin>
            <right-margin>0.00</right-margin>
            </system-margins>
          <system-distance>150.00</system-distance>
          </system-layout>
        <staff-layout number="2">
          <staff-distance>65.00</staff-distance>
          </staff-layout>
        </print>
      <note default-x="61.36" default-y="-25.00">
        <pitch>
          <step>A</step>
          <octave>4</octave>
          </pitch>
        <duration>9</duration>
        <voice>1</voice>
        <type>quarter</type>
        <dot/>
        <stem>up</stem>
        <staff>1</staff>
        </note>
      <note default-x="160.49" default-y="-30.00">
        <pitch>
          <step>G</step>
          <alter>1</alter>
          <octave>4</octave>
          </pitch>
        <duration>3</duration>
        <voice>1</voice>
        <type>eighth</type>
        <accidental>sharp</accidental>
        <stem>up</stem>
        <staff>1</staff>
        </note>
      <note default-x="211.30" default-y="-25.00">
        <pitch>
          <step>A</step>
          <octave>4</octave>
          </pitch>
        <duration>3</duration>
        <voice>1</voice>
        <type>eighth</type>
        <stem>down</stem>
        <staff>1</staff>
        <beam number="1">begin</beam>
        </note>
      <note default-x="262.11" default-y="-15.00">
        <pitch>
          <step>C</step>
          <octave>5</octave>
          </pitch>
        <duration>3</duration>
        <voice>1</voice>
        <type>eighth</type>
        <stem>down</stem>
        <staff>1</staff>
        <beam number="1">end</beam>
        </note>
      <backup>
        <duration>18</duration>
        </backup>
      <note>
        <rest measure="yes"/>
        <duration>18</duration>
        <voice>5</voice>
        <staff>2</staff>
        </note>
      </measure>
    <measure number="6" width="260.58">
      <note default-x="13.00" default-y="-5.00">
        <pitch>
          <step>E</step>
          <octave>5</octave>
          </pitch>
        <duration>6</duration>
        <voice>1</voice>
        <type>quarter</type>
        <stem>down</stem>
        <staff>1</staff>
        </note>
      <note default-x="75.66" default-y="-10.00">
        <pitch>
          <step>D</step>
          <octave>5</octave>
          </pitch>
        <duration>2</duration>
        <voice>1</voice>
        <type>eighth</type>
        <time-modification>
          <actual-notes>3</actual-notes>
          <normal-notes>2</normal-notes>
          </time-modification>
        <stem>down</stem>
        <staff>1</staff>
        <beam number="1">begin</beam>
        <notations>
          <tuplet type="start" bracket="no"/>
          </notations>
        </note>
      <note default-x="107.77" default-y="-15.00">
        <pitch>
          <step>C</step>
          <octave>5</octave>
          </pitch>
        <duration>2</duration>
        <voice>1</voice>
        <type>eighth</type>
        <time-modification>
          <actual-notes>3</actual-notes>
          <normal-notes>2</normal-notes>
          </time-modification>
        <stem>down</stem>
        <staff>1</staff>
        <beam number="1">continue</beam>
        </note>
      <note default-x="139.89" default-y="-20.00">
        <pitch>
          <step>B</step>
          <octave>4</octave>
          </pitch>
        <duration>2</duration>
        <voice>1</voice>
        <type>eighth</type>
        <time-modification>
          <actual-notes>3</actual-notes>
          <normal-notes>2</normal-notes>
          </time-modification>
        <stem>down</stem>
        <staff>1</staff>
        <beam number="1">end</beam>
        <notations>
          <tuplet type="stop"/>
          </notations>
        </note>
      <note default-x="172.01" default-y="-25.00">
        <pitch>
          <step>A</step>
          <octave>4</octave>
          </pitch>
        <duration>3</duration>
        <voice>1</voice>
        <type>eighth</type>
        <stem>down</stem>
        <staff>1</staff>
        <beam number="1">begin</beam>
        </note>
      <note default-x="215.39" default-y="-15.00">
        <pitch>
          <step>C</step>
          <octave>5</octave>
          </pitch>
        <duration>3</duration>
        <voice>1</voice>
        <type>eighth</type>
        <stem>down</stem>
        <staff>1</staff>
        <beam number="1">end</beam>
        </note>
      <backup>
        <duration>18</duration>
        </backup>
      <note>
        <rest measure="yes"/>
        <duration>18</duration>
        <voice>5</voice>
        <staff>2</staff>
        </note>
      </measure>
    <measure number="7" width="273.26">
      <note default-x="13.00" default-y="-20.00">
        <pitch>
          <step>B</step>
          <octave>4</octave>
          </pitch>
        <duration>3</duration>
        <voice>1</voice>
        <type>eighth</type>
        <stem>down</stem>
        <staff>1</staff>
        </note>
      <note default-x="59.15" default-y="-45.00">
        <pitch>
          <step>D</step>
          <octave>4</octave>
          </pitch>
        <duration>6</duration>
        <voice>1</voice>
        <type>quarter</type>
        <stem>up</stem>
        <staff>1</staff>
        </note>
      <note default-x="133.00" default-y="-40.00">
        <pitch>
          <step>E</step>
          <octave>4</octave>
          </pitch>
        <duration>3</duration>
        <voice>1</voice>
        <type>eighth</type>
        <stem>up</stem>
        <staff>1</staff>
        </note>
      <note default-x="179.15" default-y="-30.00">
        <pitch>
          <step>G</step>
          <alter>1</alter>
          <octave>4</octave>
          </pitch>
        <duration>3</duration>
        <voice>1</voice>
        <type>eighth</type>
        <accidental>sharp</accidental>
        <stem>up</stem>
        <staff>1</staff>
        <beam number="1">begin</beam>
        </note>
      <note default-x="225.30" default-y="-20.00">
        <pitch>
          <step>B</step>
          <octave>4</octave>
          </pitch>
        <duration>3</duration>
        <voice>1</voice>
        <type>eighth</type>
        <stem>up</stem>
        <staff>1</staff>
        <beam number="1">end</beam>
        </note>
      <backup>
        <duration>18</duration>
        </backup>
      <note>
        <rest measure="yes"/>
        <duration>18</duration>
        <voice>5</voice>
        <staff>2</staff>
        </note>
      </measure>
    <measure number="8" width="193.55">
      <note default-x="13.00" default-y="-25.00">
        <pitch>
          <step>A</step>
          <octave>4</octave>
          </pitch>
        <duration>18</duration>
        <voice>1</voice>
        <type>half</type>
        <dot/>
        <stem>up</stem>
        <staff>1</staff>
        </note>
      <backup>
        <duration>18</duration>
        </backup>
      <note>
        <rest measure="yes"/>
        <duration>18</duration>
        <voice>5</voice>
        <staff>2</staff>
        </note>
      <barline location="right">
        <bar-style>light-heavy</bar-style>
        </barline>
      </measure>
    </part>
  </score-partwise>
